Workbook

Sheet espn_legacy_games_2014_2017
A1: Year | B1: Week | C1: Home Team | D1: Home Name | E1: Home Score | F1: Away Team | G1: Away Name | H1: Away Score | I1: Winner
A2: 2015 | B2: 15 | C2: Team 2 | D2: =VLOOKUP(C2,Teams!$A:$B,2,FALSE) -> Team Clueless | E2: 88.24 | F2: Team 12 | G2: =VLOOKUP(F2,Teams!$A:$B,2,FALSE) -> Braintree Red Scare | H2: 166.5 | I2: Team 12
A3: 2017 | B3: 12 | C3: Team 12 | D3: =VLOOKUP(C3,Teams!$A:$B,2,FALSE) -> Braintree Red Scare | E3: 63.56 | F3: Team 1 | G3: =VLOOKUP(F3,Teams!$A:$B,2,FALSE) -> Georgia Peanuts | H3: 164.98 | I3: Team 1
A4: 2018 | B4: 3 | C4: Team 12 | D4: =VLOOKUP(C4,Teams!$A:$B,2,FALSE) -> Braintree Red Scare | E4: 123.5 | F4: Team 7 | G4: =VLOOKUP(F4,Teams!$A:$B,2,FALSE) -> Team Foresight | H4: 157.7 | I4: Team 7
A5: 2017 | B5: 13 | C5: Team 1 | D5: =VLOOKUP(C5,Teams!$A:$B,2,FALSE) -> Georgia Peanuts | E5: 141.24 | F5: Team 7 | G5: =VLOOKUP(F5,Teams!$A:$B,2,FALSE) -> Team Foresight | H5: 157.04 | I5: Team 7
A6: 2014 | B6: 9 | C6: Team 6 | D6: =VLOOKUP(C6,Teams!$A:$B,2,FALSE) -> KC Gophers | E6: 43.2 | F6: Team 3 | G6: =VLOOKUP(F6,Teams!$A:$B,2,FALSE) -> Belmont Trees | H6: 156.4 | I6: Team 3
A7: 2018 | B7: 11 | C7: Team 10 | D7: =VLOOKUP(C7,Teams!$A:$B,2,FALSE) -> Pigskin on the Gridiron | E7: 110.02 | F7: Team 1 | G7: =VLOOKUP(F7,Teams!$A:$B,2,FALSE) -> Georgia Peanuts | H7: 154.8 | I7: Team 1
A8: 2015 | B8: 3 | C8: Team 1 | D8: =VLOOKUP(C8,Teams!$A:$B,2,FALSE) -> Georgia Peanuts | E8: 118.54 | F8: Team 10 | G8: =VLOOKUP(F8,Teams!$A:$B,2,FALSE) -> Pigskin on the Gridiron | H8: 153.7 | I8: Team 10
A9: 2016 | B9: 5 | C9: Team 4 | D9: =VLOOKUP(C9,Teams!$A:$B,2,FALSE) -> Southern Sharks | E9: 125.56 | F9: Team 12 | G9: =VLOOKUP(F9,Teams!$A:$B,2,FALSE) -> Braintree Red Scare | H9: 153.6 | I9: Team 12
A10: 2016 | B10: 6 | C10: Team 12 | D10: =VLOOKUP(C10,Teams!$A:$B,2,FALSE) -> Braintree Red Scare | E10: 78.26 | F10: Team 5 | G10: =VLOOKUP(F10,Teams!$A:$B,2,FALSE) -> Denver Donkeys | H10: 152.56 | I10: Team 5
A11: 2018 | B11: 4 | C11: Team 8 | D11: =VLOOKUP(C11,Teams!$A:$B,2,FALSE) -> Turkey Monkeys | E11: 75.16 | F11: Team 2 | G11: =VLOOKUP(F11,Teams!$A:$B,2,FALSE) -> Team Clueless | H11: 152.14 | I11: Team 2
A12: 2014 | B12: 12 | C12: Team 8 | D12: =VLOOKUP(C12,Teams!$A:$B,2,FALSE) -> Turkey Monkeys | E12: 88.6 | F12: Team 10 | G12: =VLOOKUP(F12,Teams!$A:$B,2,FALSE) -> Pigskin on the Gridiron | H12: 151.6 | I12: Team 10
A13: 2018 | B13: 14 | C13: Team 12 | D13: =VLOOKUP(C13,Teams!$A:$B,2,FALSE) -> Braintree Red Scare | E13: 92.76 | F13: Team 2 | G13: =VLOOKUP(F13,Teams!$A:$B,2,FALSE) -> Team Clueless | H13: 151.02 | I13: Team 2
... A417: 2014 | B417: 11 | C417: Team 1 | D417: =VLOOKUP(C417,Teams!$A:$B,2,FALSE) -> Georgia Peanuts | E417: 94.1 | F417: Team 11 | G417: =VLOOKUP(F417,Teams!$A:$B,2,FALSE) -> Team Going | H417: 20.2 | I417: Team 1

Sheet Teams
A1: teams
A2: Team 1 | B2: Georgia Peanuts
A3: Team 2 | B3: Team Clueless
A4: Team 3 | B4: Belmont Trees
A5: Team 4 | B5: Southern Sharks
A6: Team 5 | B6: Denver Donkeys
A7: Team 6 | B7: KC Gophers
A8: Team 7 | B8: Team Foresight
A9: Team 8 | B9: Turkey Monkeys
A10: Team 9 | B10: Athens Ospreys
A11: Team 10 | B11: Pigskin on the Gridiron
A12: Team 11 | B12: Team Going
A13: Team 12 | B13: Braintree Red Scare
